{
   "dashboards": [{
      "autoswitchEnabled": false,
      "columnCount": 1,
      "columnProportion": "1-1",
      "creationTime": 1563803925623,
      "dashboardNavigations": {},
      "description": "",
      "disabled": false,
      "gridsterMaxColumns": 12,
      "hidden": false,
      "homeTab": false,
      "id": "1e7efd7f-99f6-4969-8646-015d32c02f3d",
      "importAttempts": 0,
      "importComplete": true,
      "isDefault": false,
      "locked": false,
      "name": "Historic Idle VMs",
      "rank": 88,
      "shared": false,
      "states": [{
         "key": "permDashboardTime_dashboard_1e7efd7f-99f6-4969-8646-015d32c02f3d",
         "value": "o%3AdateRange%3Ds%253Alast7Days%5EdateRangeText%3Ds%253A7D"
      }],
      "temporary": false,
      "userId": "8b9c0732-f410-43ce-a038-a9e55aaaf087",
      "widgetInteractions": [
         {
            "type": "resourceId",
            "widgetIdProvider": "329c86f8-5cc6-410f-acb5-c2787ddc14a9",
            "widgetIdReceiver": "07d7c250-20c4-4e57-be8a-054a1d4a7db5"
         },
         {
            "type": "resourceId",
            "widgetIdProvider": "329c86f8-5cc6-410f-acb5-c2787ddc14a9",
            "widgetIdReceiver": "f2bc2421-8239-4509-8215-9fc052390d6e"
         }
      ],
      "widgets": [
         {
            "collapsed": false,
            "config": {
               "chartViewItems": [],
               "isUpdatedView": true,
               "refreshContent": {"refreshContent": true},
               "refreshInterval": 300,
               "resource": {
                  "id": "Ext.vcops.chrome.model.Resource-6",
                  "resourceId": "resource:id:0_::_",
                  "resourceKindId": "002006VMWAREvSphere World",
                  "resourceName": "vSphere World",
                  "traversalSpecId": ""
               },
               "selectFirstRow": {"selectFirstRow": false},
               "selfProvider": {"selfProvider": true},
               "title": "Historic idle VMs",
               "traversalSpecId": null,
               "viewDefinitionId": "42c079fb-011e-450a-875e-3e7bc2686f20"
            },
            "gridsterCoords": {
               "h": 14,
               "w": 5,
               "x": 1,
               "y": 1
            },
            "height": 780,
            "id": "329c86f8-5cc6-410f-acb5-c2787ddc14a9",
            "title": "Historic idle VMs",
            "type": "View"
         },
         {
            "collapsed": false,
            "config": {
               "customFilter": {
                  "excludedResources": null,
                  "filter": [],
                  "includedResources": null
               },
               "depth": "3,1",
               "filterMode": "tagPicker",
               "refreshContent": {"refreshContent": false},
               "refreshInterval": 300,
               "resourceId": null,
               "resourceName": null,
               "selfProvider": {"selfProvider": false},
               "tagFilter": null,
               "title": "Host, Cluster and Data Stores",
               "traversalSpecId": ""
            },
            "gridsterCoords": {
               "h": 8,
               "w": 4,
               "x": 6,
               "y": 1
            },
            "height": 438,
            "id": "07d7c250-20c4-4e57-be8a-054a1d4a7db5",
            "states": [{
               "key": "perm_ResourceRelationshipTree_widget_1e7efd7f-99f6-4969-8646-015d32c02f3d_07d7c250-20c4-4e57-be8a-054a1d4a7db5",
               "value": "o%3A"
            }],
            "title": "Host, Cluster and Data Stores",
            "type": "ResourceRelationshipAdvanced"
         },
         {
            "collapsed": false,
            "config": {
               "columnSequence": {"columnSequence": "graphFirst"},
               "customFilter": {
                  "excludedResources": null,
                  "filter": [],
                  "includedResources": null
               },
               "depth": 1,
               "metric": {
                  "mode": "resourceKind",
                  "resourceKindMetrics": [],
                  "resourceMetrics": [],
                  "subMode": "resourceKindAll"
               },
               "refreshContent": {"refreshContent": false},
               "refreshInterval": 300,
               "relationshipMode": {"relationshipMode": 0},
               "resInteractionMode": "VM-Capacity",
               "resource": [],
               "selfProvider": {"selfProvider": false},
               "showDT": {"showDT": true},
               "showResourceName": {"showObjectName": false},
               "title": "VM Capacity"
            },
            "gridsterCoords": {
               "h": 6,
               "w": 4,
               "x": 6,
               "y": 9
            },
            "height": 324,
            "id": "f2bc2421-8239-4509-8215-9fc052390d6e",
            "states": [{
               "key": "permDateRange_widget_1e7efd7f-99f6-4969-8646-015d32c02f3d_f2bc2421-8239-4509-8215-9fc052390d6e",
               "value": "s%3A%7B%22dateRange%22%3A%22dashboardTime%22%2C%22dateFrom%22%3Anull%2C%22dateTo%22%3Anull%2C%22timeFrom%22%3Anull%2C%22timeTo%22%3Anull%7D"
            }],
            "title": "VM Capacity",
            "type": "SparklineChart"
         }
      ]
   }],
   "entries": {"resource": [{
      "adapterKindKey": "VMWARE",
      "identifiers": [],
      "internalId": "resource:id:0_::_",
      "name": "vSphere World",
      "resourceKindKey": "vSphere World"
   }]},
   "uuid": "fcaec99e-a989-4cab-bd46-bb0e7ea9f010"
}